LCSC Part #,Status,Detail,HTTP,Title,URL
C103434,in_stock,In Stock,200,RTT0322R0FTP | RALEC | Price | In Stock | LCSC Electronics,https://www.lcsc.com/product-detail/C103434.html
C103776,in_stock,In Stock,200,RTT036801FTP | RALEC | Price | In Stock | LCSC Electronics,https://www.lcsc.com/product-detail/C103776.html
C106858,in_stock,In Stock,200,CC0603KRX7R8BB105 | YAGEO | Price | In Stock | LCSC Electronics,https://www.lcsc.com/product-detail/C106858.html
C107097,in_stock,In Stock,200,CC0603KRX7R9BB682 | YAGEO | Price | In Stock | LCSC Electronics,https://www.lcsc.com/product-detail/C107097.html
C112433,in_stock,In Stock,200,WR06X1001FTL | Walsin | Price | In Stock | LCSC Electronics,https://www.lcsc.com/product-detail/C112433.html
C114617,in_stock,In Stock,200,RC0603FR-07300RL | YAGEO | Price | In Stock | LCSC Electronics,https://www.lcsc.com/product-detail/C114617.html
C12074,in_stock,In Stock,200,HR911105A | HANRUN(Zhongshan HanRun Elec) | Price | In Stock | LCSC Electronics,https://www.lcsc.com/product-detail/C12074.html
C13740,in_stock,In Stock,200,X322525MSB4SI | YXC Crystal Oscillators | Price | In Stock | LCSC Electronics,https://www.lcsc.com/product-detail/C13740.html
C139183,in_stock,In Stock,200,CBW160808U601T | FH | Price | In Stock | LCSC Electronics,https://www.lcsc.com/product-detail/C139183.html
C144394,in_stock,In Stock,200,B3B-XH-A(LF)(SN) | JST | Price | In Stock | LCSC Electronics,https://www.lcsc.com/product-detail/C144394.html
C144395,in_stock,In Stock,200,B4B-XH-A(LF)(SN) | JST | Price | In Stock | LCSC Electronics,https://www.lcsc.com/product-detail/C144395.html
C149592,in_stock,In Stock,200,SMMS1040-3R3M | Shun Xiang Nuo | Price | In Stock | LCSC Electronics,https://www.lcsc.com/product-detail/C149592.html
C157991,in_stock,In Stock,200,B5B-XH-A(LF)(SN) | JST | Price | In Stock | LCSC Electronics,https://www.lcsc.com/product-detail/C157991.html
C158012,in_stock,In Stock,200,B2B-XH-A(LF)(SN) | JST | Price | In Stock | LCSC Electronics,https://www.lcsc.com/product-detail/C158012.html
C1588,in_stock,In Stock,200,CL10B102KB8NNNC | Samsung Electro-Mechanics | Price | In Stock | LCSC Electronics,https://www.lcsc.com/product-detail/C1588.html
C1609,in_stock,In Stock,200,0603B272K500NT | FH | Price | In Stock | LCSC Electronics,https://www.lcsc.com/product-detail/C1609.html
C1622,in_stock,In Stock,200,CL10B473KB8NNNC | Samsung Electro-Mechanics | Price | In Stock | LCSC Electronics,https://www.lcsc.com/product-detail/C1622.html
C162295,in_stock,In Stock,200,GRM219R61C226ME15L | muRata | Price | In Stock | LCSC Electronics,https://www.lcsc.com/product-detail/C162295.html
C163869,in_stock,In Stock,200,WR06X1004FTL | Walsin | Price | In Stock | LCSC Electronics,https://www.lcsc.com/product-detail/C163869.html
C1644,in_stock,In Stock,200,CL10C150JB8NNNC | Samsung Electro-Mechanics | Price | In Stock | LCSC Electronics,https://www.lcsc.com/product-detail/C1644.html
C1663,in_stock,In Stock,200,CL10C330JB8NNNC | Samsung Electro-Mechanics | Price | In Stock | LCSC Electronics,https://www.lcsc.com/product-detail/C1663.html
C18185545,out_of_stock,Out of Stock,200,MAX17049G+T10 | MAXIM | Price | In Stock | LCSC Electronics,https://www.lcsc.com/product-detail/C18185545.html
C1855726,in_stock,In Stock,200,TPD2E2U06DCKR | TI | Price | In Stock | LCSC Electronics,https://www.lcsc.com/product-detail/C1855726.html
C19171390,in_stock,In Stock,200,YLED0603R | YONGYUTAI | Price | In Stock | LCSC Electronics,https://www.lcsc.com/product-detail/C19171390.html
C194427,in_stock,In Stock,200,GRM188R6YA106MA73D | muRata | Price | In Stock | LCSC Electronics,https://www.lcsc.com/product-detail/C194427.html
C19666,in_stock,In Stock,200,CL10A475KO8NNNC | Samsung Electro-Mechanics | Price | In Stock | LCSC Electronics,https://www.lcsc.com/product-detail/C19666.html
C201632,in_stock,In Stock,200,CSD17577Q3A | TI | Price | In Stock | LCSC Electronics,https://www.lcsc.com/product-detail/C201632.html
C2040,in_stock,In Stock,200,RP2040 | Raspberry Pi | Price | In Stock | LCSC Electronics,https://www.lcsc.com/product-detail/C2040.html
C2071056,in_stock,In Stock,200,AP63205WU-7 | DIODES | Price | In Stock | LCSC Electronics,https://www.lcsc.com/product-detail/C2071056.html
C2071517,out_of_stock,Out of Stock,200,AP64501SP-13 | DIODES | Price | In Stock | LCSC Electronics,https://www.lcsc.com/product-detail/C2071517.html
C20917,in_stock,In Stock,200,AO3400A | AOS | Price | In Stock | LCSC Electronics,https://www.lcsc.com/product-detail/C20917.html
C21122,in_stock,In Stock,200,CL10B223KB8NNNC | Samsung Electro-Mechanics | Price | In Stock | LCSC Electronics,https://www.lcsc.com/product-detail/C21122.html
C2150710,in_stock,In Stock,200,TMC2209-LA-T | TRINAMIC | Price | In Stock | LCSC Electronics,https://www.lcsc.com/product-detail/C2150710.html
C22461454,in_stock,In Stock,200,VGF39NCHXT-B103 | HDK | Price | In Stock | LCSC Electronics,https://www.lcsc.com/product-detail/C22461454.html
C23067,in_stock,In Stock,200,0603WAF5111T5E | UNI-ROYAL | Price | In Stock | LCSC Electronics,https://www.lcsc.com/product-detail/C23067.html
C23068,in_stock,In Stock,200,0603WAF5231T5E | UNI-ROYAL | Price | In Stock | LCSC Electronics,https://www.lcsc.com/product-detail/C23068.html
C23185,in_stock,In Stock,200,0603WAF499JT5E | UNI-ROYAL | Price | In Stock | LCSC Electronics,https://www.lcsc.com/product-detail/C23185.html
C23198,in_stock,In Stock,200,0603WAF5232T5E | UNI-ROYAL | Price | In Stock | LCSC Electronics,https://www.lcsc.com/product-detail/C23198.html
C23631,in_stock,In Stock,200,CC1206KKX7RDBB102 | YAGEO | Price | In Stock | LCSC Electronics,https://www.lcsc.com/product-detail/C23631.html
C2482548,in_stock,In Stock,200,RMCF0603FT12K4 | SEI(Stackpole Electronics Inc.) | Price | In Stock | LCSC Electronics,https://www.lcsc.com/product-detail/C2482548.html
C259719,in_stock,In Stock,200,R5460N214AF-TR-FE | Nisshinbo Micro Devices Inc. | Price | In Stock | LCSC Electronics,https://www.lcsc.com/product-detail/C259719.html
C25977,in_stock,In Stock,200,0603WAF6041T5E | UNI-ROYAL | Price | In Stock | LCSC Electronics,https://www.lcsc.com/product-detail/C25977.html
C2765186,in_stock,In Stock,200,TYPE-C 16PIN 2MD(073) | SHOU HAN | Price | In Stock | LCSC Electronics,https://www.lcsc.com/product-detail/C2765186.html
C2862876,in_stock,In Stock,200,BQ25792RQMR | TI | Price | In Stock | LCSC Electronics,https://www.lcsc.com/product-detail/C2862876.html
C2868870,in_stock,In Stock,200,SN74AHCT244DBR | TI | Price | In Stock | LCSC Electronics,https://www.lcsc.com/product-detail/C2868870.html
C2904521,in_stock,In Stock,200,HoLTT0603-1/10W-4.7K-1% | Milliohm | Price | In Stock | LCSC Electronics,https://www.lcsc.com/product-detail/C2904521.html
C2906980,in_stock,In Stock,200,FRC0603F1003TS | FOJAN | Price | In Stock | LCSC Electronics,https://www.lcsc.com/product-detail/C2906980.html
C2907042,in_stock,In Stock,200,FRC0603F4702TS | FOJAN | Price | In Stock | LCSC Electronics,https://www.lcsc.com/product-detail/C2907042.html
C2913199,in_stock,In Stock,200,ESP32-S3-WROOM-1-N16 | ESPRESSIF | Price | In Stock | LCSC Electronics,https://www.lcsc.com/product-detail/C2913199.html
C2929994,in_stock,In Stock,200,FRC0402F22R0TS | FOJAN | Price | In Stock | LCSC Electronics,https://www.lcsc.com/product-detail/C2929994.html
C2930027,in_stock,In Stock,200,FRC0603J103 TS | FOJAN | Price | In Stock | LCSC Electronics,https://www.lcsc.com/product-detail/C2930027.html
C2930090,in_stock,In Stock,200,FRC0603F3092TS | FOJAN | Price | In Stock | LCSC Electronics,https://www.lcsc.com/product-detail/C2930090.html
C30734,in_stock,In Stock,200,2.54-2*8P | BOOMELE(Boom Precision Elec) | Price | In Stock | LCSC Electronics,https://www.lcsc.com/product-detail/C30734.html
C309036,in_stock,In Stock,200,TCC0603X7R103K500CT | CCTC | Price | In Stock | LCSC Electronics,https://www.lcsc.com/product-detail/C309036.html
C32843,in_stock,In Stock,200,W5500 | WIZNET | Price | In Stock | LCSC Electronics,https://www.lcsc.com/product-detail/C32843.html
C354606,in_stock,In Stock,200,CKCS5040-4.7uH/M | CENKER | Price | In Stock | LCSC Electronics,https://www.lcsc.com/product-detail/C354606.html
C388907,in_stock,In Stock,200,GCM1885C2A221JA16D | muRata | Price | In Stock | LCSC Electronics,https://www.lcsc.com/product-detail/C388907.html
C403145,in_stock,In Stock,200,ERJ3EKF3012V | PANASONIC | Price | In Stock | LCSC Electronics,https://www.lcsc.com/product-detail/C403145.html
C4333405,in_stock,In Stock,200,RMCF0603FT20K0 | SEI(Stackpole Electronics Inc.) | Price | In Stock | LCSC Electronics,https://www.lcsc.com/product-detail/C4333405.html
C438899,in_stock,In Stock,200,SMD1812P260TF/16 | PTTC(Polytronics Tech) | Price | In Stock | LCSC Electronics,https://www.lcsc.com/product-detail/C438899.html
C46961736,in_stock,In Stock,200,RE1206F1R050 | JIERR | Price | In Stock | LCSC Electronics,https://www.lcsc.com/product-detail/C46961736.html
C474881,in_stock,In Stock,200,KF301-5.0-2P | Cixi Kefa Elec | Price | In Stock | LCSC Electronics,https://www.lcsc.com/product-detail/C474881.html
C51118,in_stock,In Stock,200,AP2112K-3.3TRG1 | DIODES | Price | In Stock | LCSC Electronics,https://www.lcsc.com/product-detail/C51118.html
C5123582,in_stock,In Stock,200,HoAR0603-1/10W-10R-0.1%-TCR25 | Milliohm | Price | In Stock | LCSC Electronics,https://www.lcsc.com/product-detail/C5123582.html
C5123610,in_stock,In Stock,200,HoARG0603-1/10W-100R-0.1%-TCR25 | Milliohm | Price | In Stock | LCSC Electronics,https://www.lcsc.com/product-detail/C5123610.html
C5125736,in_stock,In Stock,200,CH221K | WCH | Price | In Stock | LCSC Electronics,https://www.lcsc.com/product-detail/C5125736.html
C5188444,in_stock,In Stock,200,MX128-2.54-04P-GN01-Cu-Y-A | MAX | Price | In Stock | LCSC Electronics,https://www.lcsc.com/product-detail/C5188444.html
C52204606,in_stock,In Stock,200,HNTC-103F3470FB | R+O | Price | In Stock | LCSC Electronics,https://www.lcsc.com/product-detail/C52204606.html
C5383105,in_stock,In Stock,200,2541WV-2x04P | HanElectricity | Price | In Stock | LCSC Electronics,https://www.lcsc.com/product-detail/C5383105.html
C5448891,in_stock,In Stock,200,TCC0805X5R106K250FT | CCTC | Price | In Stock | LCSC Electronics,https://www.lcsc.com/product-detail/C5448891.html
C54973935,in_stock,In Stock,200,CRF0603Q1582BN | SIE | Price | In Stock | LCSC Electronics,https://www.lcsc.com/product-detail/C54973935.html
C5656610,in_stock,In Stock,200,ICS-43434 | TDK InvenSense | Price | In Stock | LCSC Electronics,https://www.lcsc.com/product-detail/C5656610.html
C696916,in_stock,In Stock,200,TCC0603X7R104K101CT | CCTC | Price | In Stock | LCSC Electronics,https://www.lcsc.com/product-detail/C696916.html
C720477,in_stock,In Stock,200,TS-1088-AR02016 | XUNPU | Price | In Stock | LCSC Electronics,https://www.lcsc.com/product-detail/C720477.html
C72505,in_stock,In Stock,200,RVT1H220M0605 | ROQANG | Price | In Stock | LCSC Electronics,https://www.lcsc.com/product-detail/C72505.html
C7336403,in_stock,In Stock,200,RC0603FR-7W2K2L | YAGEO | Price | In Stock | LCSC Electronics,https://www.lcsc.com/product-detail/C7336403.html
C77020,in_stock,In Stock,200,GRM155R71H104KE14D | muRata | Price | In Stock | LCSC Electronics,https://www.lcsc.com/product-detail/C77020.html
C780769,in_stock,In Stock,200,AP63203WU-7 | DIODES | Price | In Stock | LCSC Electronics,https://www.lcsc.com/product-detail/C780769.html
C83846,in_stock,In Stock,200,SMBJ15A | Littelfuse | Price | In Stock | LCSC Electronics,https://www.lcsc.com/product-detail/C83846.html
C859100,in_stock,In Stock,200,RC0603FR-07330RP | YAGEO | Price | In Stock | LCSC Electronics,https://www.lcsc.com/product-detail/C859100.html
C861521,in_stock,In Stock,200,RT0603BRD0768K1L | YAGEO | Price | In Stock | LCSC Electronics,https://www.lcsc.com/product-detail/C861521.html
C87572,in_stock,In Stock,200,SPM6530T-1R0M120 | TDK | Price | In Stock | LCSC Electronics,https://www.lcsc.com/product-detail/C87572.html
C881242,in_stock,In Stock,200,CR0603F33K0P05Z | EVER OHMS | Price | In Stock | LCSC Electronics,https://www.lcsc.com/product-detail/C881242.html
C88989,in_stock,In Stock,200,BLM18SG331TN1D | muRata | Price | In Stock | LCSC Electronics,https://www.lcsc.com/product-detail/C88989.html
C9002,in_stock,In Stock,200,X322512MSB4SI | YXC Crystal Oscillators | Price | In Stock | LCSC Electronics,https://www.lcsc.com/product-detail/C9002.html
C910544,in_stock,In Stock,200,MAX98357AETE+T | MAXIM | Price | In Stock | LCSC Electronics,https://www.lcsc.com/product-detail/C910544.html
C97521,in_stock,In Stock,200,W25Q128JVSIQ | Winbond | Price | In Stock | LCSC Electronics,https://www.lcsc.com/product-detail/C97521.html
C97857,in_stock,In Stock,200,GCM188R71H224KA64D | muRata | Price | In Stock | LCSC Electronics,https://www.lcsc.com/product-detail/C97857.html
